emile.adam-becker@epfl.ch,"The Godfather",01/01/05,3
jacqueline.lebon-pascal@epfl.ch,"12 Angry Men",01/01/05,3
astrid.faivre@epfl.ch,"The Godfather",01/01/10,2
thierry.fabre@epfl.ch,"Seven Samurai",01/01/11,4
remy.lombard@epfl.ch,"Rashomon",01/01/15,2
sabine.le.roux-marion@epfl.ch,"The Good, the Bad and the Ugly",01/02/04,5
bertrand.camus@epfl.ch,"Seven Samurai",01/02/10,3
alexandre.rey@epfl.ch,"Casablanca",01/03/07,4
renee-juliette.bernier@epfl.ch,"Schindler's List",01/03/14,2
vincent.guichard@epfl.ch,"The Night of the Hunter",01/03/16,1
sabine.le.roux-marion@epfl.ch,"12 Angry Men",01/04/12,5
margaux.chretien@epfl.ch,"Bicycle Thieves",01/04/15,1
guillaume.hamel@epfl.ch,"Apocalypse Now",01/05/02,4
adelaide.du.lagarde@epfl.ch,"Spirited Away",01/05/04,1
marianne-elisabeth.gautier@epfl.ch,"Lawrence of Arabia",01/05/15,5
adrien.foucher@epfl.ch,"It's a Wonderful Life",01/06/00,1
michel.langlois.du.alves@epfl.ch,"Psycho",01/06/01,2
emmanuelle.du.nicolas@epfl.ch,"12 Angry Men",01/06/03,1
rene.ferreira@epfl.ch,"The Wages of Fear",01/06/05,5
valerie.de.nicolas@epfl.ch,"Bicycle Thieves",01/06/07,5
thomas.leduc-morvan@epfl.ch,"Ikiru",01/06/08,1
hugues.remy@epfl.ch,"Metropolis",01/07/05,3
thibault.girard@epfl.ch,"Pulp Fiction",01/07/11,2
laurence.perrier-brun@epfl.ch,"City Lights",01/07/11,4
donald.trump@whitehouse.gov,"Pulp Fiction",01/07/13,1
adrienne.adam@epfl.ch,"Goodfellas",01/08/04,1
anastasie.legendre-bouvier@epfl.ch,"The 400 Blows",01/08/11,1
hugues.remy@epfl.ch,"Sunrise",01/08/13,4
aime.remy@epfl.ch,"Rear Window",01/09/02,4
margaux.chretien@epfl.ch,"Star Wars: Episode IV - A New Hope",01/09/04,1
luc.du.carpentier@epfl.ch,"Pulp Fiction",01/09/09,1
adrienne.adam@epfl.ch,"Ikiru",01/09/16,4
sophie.perrier@epfl.ch,"Vertigo",01/10/03,2
frederique.besson@epfl.ch,"Seven Samurai",01/10/08,2
veronique.mathieu@epfl.ch,"Fanny and Alexander",01/10/14,1
eugene.bonnin-delaunay@epfl.ch,"The Shawshank Redemption",01/10/15,2
cecile.faure.de.la.dupuis@epfl.ch,"Vertigo",01/11/01,1
richard.payet@epfl.ch,"The Third Man",01/11/03,3
luc.de.la.letellier@epfl.ch,"12 Angry Men",01/11/05,2
rene.ferreira@epfl.ch,"Casablanca",01/11/05,1
alfred.cohen@epfl.ch,"The Good, the Bad and the Ugly",01/11/12,3
jacqueline.lebon-pascal@epfl.ch,"Star Wars: Episode IV - A New Hope",01/12/00,5
renee-juliette.bernier@epfl.ch,"Vertigo",01/12/08,4
corinne-adrienne.klein@epfl.ch,"The 400 Blows",02/01/06,3
richard.payet@epfl.ch,"All About Eve",02/02/02,3
suzanne.guyot.du.lucas@epfl.ch,"Metropolis",02/02/04,4
arnaude.humbert-hardy@epfl.ch,"Schindler's List",02/02/07,3
eleonore.hebert-petit@epfl.ch,"Star Wars: Episode V - The Empire Strikes Back",02/02/15,5
paul.buisson@epfl.ch,"2001: A Space Odyssey",02/03/01,4
jacques.cohen@epfl.ch,"Singin' in the Rain",02/03/03,4
adrienne.adam@epfl.ch,"North by Northwest",02/03/11,3
stephanie.texier@epfl.ch,"Citizen Kane",02/03/12,4
bertrand.camus@epfl.ch,"Pulp Fiction",02/04/01,2
colette.traore@epfl.ch,"Ikiru",02/04/08,2
clemence-therese.joubert@epfl.ch,"It's a Wonderful Life",02/04/14,3
laurent.dos.santos@epfl.ch,"Double Indemnity",02/05/03,4
robert.aubry@epfl.ch,"Double Indemnity",02/05/10,5
dominique.evrard.le.sauvage@epfl.ch,"Metropolis",02/06/04,5
emmanuelle.jacques@epfl.ch,"The Godfather: Part II",02/06/08,4
marcelle.marty-millet@epfl.ch,"Spirited Away",02/06/09,3
jerome.dufour@epfl.ch,"The Dark Knight",02/06/12,3
paul.buisson@epfl.ch,"Sunset Blvd.",02/06/15,2
gregoire.bousquet.le.hoarau@epfl.ch,"Taxi Driver",02/07/00,3
christophe.raynaud@epfl.ch,"The Godfather: Part II",02/07/04,2
marianne.bertin@epfl.ch,"The Third Man",02/07/12,1
manon.neveu@epfl.ch,"2001: A Space Odyssey",02/08/09,4
robert.regnier@epfl.ch,"The Night of the Hunter",02/08/09,4
ines.maillard@epfl.ch,"Psycho",02/08/11,3
margaux.hubert.le.aubert@epfl.ch,"It's a Wonderful Life",02/08/11,2
sylvie.thierry@epfl.ch,"Star Wars: Episode IV - A New Hope",02/08/15,2
stephane.boyer@epfl.ch,"The 400 Blows",02/08/16,4
suzanne.du.gillet@epfl.ch,"Singin' in the Rain",02/09/03,4
stephanie.texier@epfl.ch,"Schindler's List",02/09/07,5
bernadette.bonneau@epfl.ch,"Once Upon a Time in the West",02/09/08,5
colette.traore@epfl.ch,"Goodfellas",02/09/10,2
christiane.baron@epfl.ch,"Schindler's List",02/10/15,3
remy.lombard@epfl.ch,"Bicycle Thieves",02/11/00,1
renee-juliette.bernier@epfl.ch,"City Lights",02/11/08,2
lucas.le.gall@epfl.ch,"Tokyo Story",02/11/10,3
nathalie.lagarde@epfl.ch,"Apocalypse Now",02/11/15,5
astrid.faivre@epfl.ch,"Psycho",02/12/03,1
andre.barbier@epfl.ch,"Modern Times",02/12/12,2
dorothee.nguyen-martinez@epfl.ch,"Modern Times",02/12/14,4
suzanne.guyot.du.lucas@epfl.ch,"Once Upon a Time in the West",02/12/15,1
ines.maillard@epfl.ch,"Casablanca",03/01/08,4
margaret.torres@epfl.ch,"Seven Samurai",03/01/16,4
alfred.buisson@epfl.ch,"Goodfellas",03/02/03,1
pierre.de.la.simon@epfl.ch,"Goodfellas",03/02/08,4
francoise.de.la.blot@epfl.ch,"City Lights",03/02/15,4
robert.aubry@epfl.ch,"12 Angry Men",03/03/12,3
joseph.colas@epfl.ch,"Chinatown",03/03/13,1
clemence-therese.joubert@epfl.ch,"Vertigo",03/04/00,4
constance.lucas-buisson@epfl.ch,"Pulp Fiction",03/04/02,5
juliette.turpin@epfl.ch,"The Godfather",03/04/12,3
roger.cohen@epfl.ch,"Singin' in the Rain",03/05/09,1
timothee.vaillant@epfl.ch,"North by Northwest",03/05/11,3
zacharie.dupuy-laroche@epfl.ch,"The Third Man",03/06/03,1
michelle.de.denis@epfl.ch,"Raiders of the Lost Ark",03/06/11,5
guy.regnier@epfl.ch,"Metropolis",03/06/14,4
yves.gomes@epfl.ch,"Double Indemnity",03/06/15,5
monique.joly@epfl.ch,"Once Upon a Time in the West",03/07/05,2
nathalie.legendre.le.gaudin@epfl.ch,"Once Upon a Time in the West",03/07/08,4
marthe.duhamel@epfl.ch,"The Godfather: Part II",03/07/10,1
christine.delorme@epfl.ch,"Raging Bull",03/07/11,2
michelle.de.denis@epfl.ch,"Fanny and Alexander",03/08/00,2
alfred.buisson@epfl.ch,"Lawrence of Arabia",03/09/07,3
claude-lucy.joly@epfl.ch,"The Good, the Bad and the Ugly",03/09/14,1
emmanuelle.francois-delaunay@epfl.ch,"Raging Bull",03/09/15,1
joseph.colas@epfl.ch,"Schindler's List",03/10/08,2
lucas.etienne@epfl.ch,"Ikiru",03/10/14,5
margaux.humbert-lemoine@epfl.ch,"The Godfather: Part II",03/11/02,1
jean-matthieu.launay@epfl.ch,"The Godfather: Part II",03/11/12,1
marianne.bertin@epfl.ch,"Seven Samurai",03/12/02,2
sebastien.costa@epfl.ch,"Once Upon a Time in the West",04/01/08,3
valerie.de.nicolas@epfl.ch,"Schindler's List",04/01/10,2
luc.du.carpentier@epfl.ch,"Sunrise",04/02/14,5
bertrand.camus@epfl.ch,"On the Waterfront",04/02/16,3
thibault.david@epfl.ch,"Chinatown",04/03/03,5
laetitia.hoarau@epfl.ch,"Sunset Blvd.",04/03/13,2
chantal.du.descamps@epfl.ch,"Raiders of the Lost Ark",04/04/16,3
rene.ferreira@epfl.ch,"Fanny and Alexander",04/04/16,2
chantal.roche@epfl.ch,"The Godfather",04/05/00,1
david-tristan.diaz@epfl.ch,"The Night of the Hunter",04/05/05,2
guillaume.hamel@epfl.ch,"Chinatown",04/05/11,3
alfred.cohen@epfl.ch,"Schindler's List",04/05/14,1
lucas.le.gall@epfl.ch,"Metropolis",04/06/01,1
christiane.baron@epfl.ch,"The Shawshank Redemption",04/06/08,3
jeannine.toussaint-masson@epfl.ch,"Seven Samurai",04/06/10,5
alphonse-paul.pages@epfl.ch,"Psycho",04/07/02,3
dorothee.lesage@epfl.ch,"The 400 Blows",04/07/06,5
francoise.de.la.blot@epfl.ch,"Spirited Away",04/07/08,3
stephane.allard@epfl.ch,"Star Wars: Episode V - The Empire Strikes Back",04/08/06,4
sabine.guillot@epfl.ch,"The Third Man",04/08/11,2
christophe.raynaud@epfl.ch,"The Wages of Fear",04/08/11,4
andre.guillon@epfl.ch,"Sunset Blvd.",04/09/10,1
maurice.diallo-masse@epfl.ch,"One Flew Over the Cuckoo's Nest",04/09/12,3
corinne-adrienne.klein@epfl.ch,"Seven Samurai",04/09/15,5
clemence-therese.joubert@epfl.ch,"The Night of the Hunter",04/10/08,1
sylvie.carpentier@epfl.ch,"12 Angry Men",04/10/15,4
susanne.barthelemy@epfl.ch,"Tokyo Story",04/10/16,3
lucas.le.gall@epfl.ch,"Fanny and Alexander",04/11/15,1
adele.arnaud-charrier@epfl.ch,"Metropolis",04/12/02,2
louis.rodriguez@epfl.ch,"Vertigo",04/12/11,1
josette.parent@epfl.ch,"The Third Man",05/01/00,4
arnaude.guyon@epfl.ch,"M",05/01/03,2
celine.leroy@epfl.ch,"Double Indemnity",05/01/07,2
christophe.raynaud@epfl.ch,"Casablanca",05/01/14,1
alfred.mahe@epfl.ch,"The Godfather",05/02/08,3
jacques.cohen@epfl.ch,"The Dark Knight",05/02/13,2
sylvie.carpentier@epfl.ch,"Citizen Kane",05/02/16,2
raymond.rousset@epfl.ch,"Casablanca",05/03/03,2
marianne-elisabeth.gautier@epfl.ch,"On the Waterfront",05/03/12,5
gerard.charrier.le.vaillant@epfl.ch,"Once Upon a Time in the West",05/03/13,1
nathalie.legendre.le.gaudin@epfl.ch,"Rear Window",05/04/00,2
arnaude.humbert-hardy@epfl.ch,"Metropolis",05/04/02,2
raymond.rousset@epfl.ch,"Raging Bull",05/04/05,1
emile.marechal-lopez@epfl.ch,"Raging Bull",05/04/08,2
corinne.de.masson@epfl.ch,"Raging Bull",05/04/15,4
raymond.lecoq-lopes@epfl.ch,"One Flew Over the Cuckoo's Nest",05/04/15,1
joseph.perrier-klein@epfl.ch,"Paths of Glory",05/05/02,4
sabine.le.roux-marion@epfl.ch,"Bicycle Thieves",05/05/08,2
arnaude.humbert-hardy@epfl.ch,"The Godfather: Part II",05/05/11,3
joseph.colas@epfl.ch,"Lawrence of Arabia",05/06/01,4
paul.potier@epfl.ch,"Star Wars: Episode IV - A New Hope",05/06/12,5
christiane.baron@epfl.ch,"Singin' in the Rain",05/06/15,5
auguste-jacques.charles@epfl.ch,"Bicycle Thieves",05/07/03,1
xavier.de.legros@epfl.ch,"Vertigo",05/07/07,3
francois.de.leblanc@epfl.ch,"All About Eve",05/08/01,5
lucas.etienne@epfl.ch,"M",05/08/02,3
patrick.le.lopez@epfl.ch,"The Third Man",05/09/02,2
chantal.du.descamps@epfl.ch,"12 Angry Men",05/09/03,4
elise.guillet-lagarde@epfl.ch,"The Godfather: Part II",05/09/04,2
laetitia.lucas-laurent@epfl.ch,"North by Northwest",05/09/08,2
theodore.sanchez-chevallier@epfl.ch,"Pulp Fiction",05/09/11,4
robert-edouard.boulanger@epfl.ch,"Dr. Strangelove or: How I Learned to Stop Worrying and Love the Bomb",05/09/12,5
capucine.ferreira@epfl.ch,"Lawrence of Arabia",05/09/13,5
chantal.du.descamps@epfl.ch,"Tokyo Story",05/10/01,3
robert.aubry@epfl.ch,"City Lights",05/10/05,1
paul.potier@epfl.ch,"Ikiru",05/10/14,3
marc.mendes@epfl.ch,"M",05/10/14,4
manon.chevallier@epfl.ch,"Casablanca",05/10/16,2
louis.rodriguez@epfl.ch,"The Godfather: Part II",05/12/05,2
thibault.david@epfl.ch,"Spirited Away",06/01/00,1
emmanuelle-amelie.simon@epfl.ch,"One Flew Over the Cuckoo's Nest",06/01/03,4
zacharie.dupuy-laroche@epfl.ch,"The Night of the Hunter",06/01/05,4
alphonse-paul.pages@epfl.ch,"Schindler's List",06/01/10,2
david-tristan.diaz@epfl.ch,"Psycho",06/01/11,5
theodore.du.mahe@epfl.ch,"The Night of the Hunter",06/01/13,3
monique.joly@epfl.ch,"Star Wars: Episode IV - A New Hope",06/02/03,4
lucas.etienne@epfl.ch,"Taxi Driver",06/02/07,1
anastasie.legendre-bouvier@epfl.ch,"Rear Window",06/02/08,1
celine.leroy@epfl.ch,"Vertigo",06/02/13,2
richard.launay@epfl.ch,"Sunrise",06/03/02,1
david.nicolas-martin@epfl.ch,"Taxi Driver",06/03/05,5
richard.payet@epfl.ch,"Raiders of the Lost Ark",06/03/11,3
theophile.leconte@epfl.ch,"North by Northwest",06/03/14,4
bernadette.bonneau@epfl.ch,"The 400 Blows",06/04/10,4
marthe.duhamel@epfl.ch,"The Godfather",06/04/11,5
emilie-agathe.robin@epfl.ch,"Casablanca",06/04/11,1
laurence.rousseau@epfl.ch,"All About Eve",06/05/03,4
alfred.buisson@epfl.ch,"Spirited Away",06/05/05,2
rene.lecomte@epfl.ch,"Tokyo Story",06/05/15,4
marcelle.marty-millet@epfl.ch,"Singin' in the Rain",06/06/09,3
robert-edouard.boulanger@epfl.ch,"Lawrence of Arabia",06/06/11,2
thierry.fabre@epfl.ch,"North by Northwest",06/06/11,5
thibault.girard@epfl.ch,"The Third Man",06/06/16,4
stephane.allard@epfl.ch,"The Night of the Hunter",06/07/04,5
margaux.hubert.le.aubert@epfl.ch,"Schindler's List",06/07/07,1
corinne.de.masson@epfl.ch,"The Night of the Hunter",06/08/00,4
sabine.guillot@epfl.ch,"Goodfellas",06/08/04,5
philippine.rocher@epfl.ch,"Double Indemnity",06/08/04,5
juliette.turpin@epfl.ch,"One Flew Over the Cuckoo's Nest",06/08/06,3
luc.de.la.letellier@epfl.ch,"Tokyo Story",06/08/09,2
laetitia.hoarau@epfl.ch,"All About Eve",06/09/01,1
patricia-mathilde.richard@epfl.ch,"Spirited Away",06/09/08,4
claudine.clement@epfl.ch,"Once Upon a Time in the West",06/09/10,1
auguste-jacques.charles@epfl.ch,"Fanny and Alexander",06/10/04,2
isaac.lemaire.le.alexandre@epfl.ch,"Singin' in the Rain",06/11/04,4
remy.lombard@epfl.ch,"Casablanca",06/11/10,5
chantal.roche@epfl.ch,"The Godfather: Part II",06/11/15,1
chantal.du.descamps@epfl.ch,"Vertigo",06/12/00,5
guy.regnier@epfl.ch,"The Dark Knight",06/12/06,1
suzanne.picard.de.la.thomas@epfl.ch,"Lawrence of Arabia",06/12/10,1
philippine.rocher@epfl.ch,"One Flew Over the Cuckoo's Nest",06/12/15,5
suzanne.guyot.du.lucas@epfl.ch,"Rear Window",06/12/15,3
michelle.le.levy@epfl.ch,"The Good, the Bad and the Ugly",07/01/07,5
alfred.mahe@epfl.ch,"The Shawshank Redemption",07/01/12,3
guy.regnier@epfl.ch,"Once Upon a Time in the West",07/01/13,2
roger.cohen@epfl.ch,"Raiders of the Lost Ark",07/02/09,3
michelle.le.levy@epfl.ch,"Psycho",07/02/10,2
margaret.torres@epfl.ch,"Tokyo Story",07/03/06,4
jerome.dufour@epfl.ch,"Singin' in the Rain",07/03/09,4
claude.foucher@epfl.ch,"Pulp Fiction",07/03/16,4
paul.buisson@epfl.ch,"Taxi Driver",07/04/08,3
gregoire.bousquet.le.hoarau@epfl.ch,"Fanny and Alexander",07/05/00,3
vincent.guichard@epfl.ch,"Star Wars: Episode IV - A New Hope",07/05/02,1
victor.courtois@epfl.ch,"Singin' in the Rain",07/05/05,2
frederique.besson@epfl.ch,"The Good, the Bad and the Ugly",07/05/10,4
frederique.besson@epfl.ch,"Star Wars: Episode IV - A New Hope",07/05/12,2
jean.roux@epfl.ch,"The Shawshank Redemption",07/05/14,5
hugues.remy@epfl.ch,"City Lights",07/05/16,5
margaux.hubert.le.aubert@epfl.ch,"Metropolis",07/06/07,2
yves.gomes@epfl.ch,"The Night of the Hunter",07/06/11,2
valentine.pichon@epfl.ch,"Fanny and Alexander",07/06/11,3
jean-matthieu.launay@epfl.ch,"Paths of Glory",07/07/03,1
stephane.boyer@epfl.ch,"Schindler's List",07/07/12,3
marine.levy@epfl.ch,"Dr. Strangelove or: How I Learned to Stop Worrying and Love the Bomb",07/07/15,1
emmanuelle.du.nicolas@epfl.ch,"It's a Wonderful Life",07/07/15,4
marine.levy@epfl.ch,"Casablanca",07/08/04,3
celine.leroy@epfl.ch,"Sunset Blvd.",07/08/05,2
isaac.lemaire.le.alexandre@epfl.ch,"Paths of Glory",07/08/09,2
aime.poirier@epfl.ch,"Star Wars: Episode IV - A New Hope",07/09/10,5
victor.courtois@epfl.ch,"Psycho",07/10/00,2
theophile-thibaut.guillaume@epfl.ch,"The Good, the Bad and the Ugly",07/10/06,1
sophie.perrier@epfl.ch,"Citizen Kane",07/10/07,1
jean.roux@epfl.ch,"Modern Times",07/10/10,3
claude.foucher@epfl.ch,"One Flew Over the Cuckoo's Nest",07/10/15,3
alfred.cohen@epfl.ch,"The Dark Knight",07/11/05,4
juliette.turpin@epfl.ch,"The 400 Blows",07/11/08,2
benoit.payet@epfl.ch,"Schindler's List",07/11/15,2
theophile.reynaud.le.neveu@epfl.ch,"The Good, the Bad and the Ugly",07/12/04,3
julien.colin@epfl.ch,"Star Wars: Episode IV - A New Hope",07/12/11,1
theodore.sanchez-chevallier@epfl.ch,"M",07/12/15,3
patricia.pires@epfl.ch,"Pulp Fiction",07/12/16,5
dorothee.nguyen-martinez@epfl.ch,"Double Indemnity",08/01/02,1
alexandre.rey@epfl.ch,"Once Upon a Time in the West",08/01/09,1
margaux.humbert-lemoine@epfl.ch,"Paths of Glory",08/01/13,2
suzanne.picard.de.la.thomas@epfl.ch,"Fanny and Alexander",08/02/11,3
pierre.de.la.simon@epfl.ch,"The Good, the Bad and the Ugly",08/02/12,5
emile.valette@epfl.ch,"The Night of the Hunter",08/02/16,4
emmanuelle.jacques@epfl.ch,"Psycho",08/03/02,3
lucy.lagarde.de.la.gilles@epfl.ch,"Tokyo Story",08/03/09,4
suzanne.du.gillet@epfl.ch,"On the Waterfront",08/04/00,3
maryse.maurice@epfl.ch,"Bicycle Thieves",08/04/02,5
patricia.pires@epfl.ch,"Chinatown",08/04/03,3
emilie-agathe.robin@epfl.ch,"The Godfather",08/04/16,3
maurice.diallo-masse@epfl.ch,"Double Indemnity",08/05/03,3
emile.adam-becker@epfl.ch,"Pulp Fiction",08/05/08,5
andre.guillon@epfl.ch,"Goodfellas",08/05/10,2
sylvie.thierry@epfl.ch,"Seven Samurai",08/05/11,5
lucas.etienne@epfl.ch,"Lawrence of Arabia",08/05/12,5
guillaume.hamel@epfl.ch,"On the Waterfront",08/05/12,5
emmanuelle.du.nicolas@epfl.ch,"M",08/05/13,1
laurent.dos.santos@epfl.ch,"Bicycle Thieves",08/05/16,3
raymond.rousset@epfl.ch,"The Night of the Hunter",08/06/01,1
noemi.grondin@epfl.ch,"North by Northwest",08/07/01,1
adrienne.adam@epfl.ch,"Citizen Kane",08/07/02,1
marthe.gomez@epfl.ch,"Goodfellas",08/07/02,4
emmanuelle.bertin-maillot@epfl.ch,"It's a Wonderful Life",08/08/16,3
aime.remy@epfl.ch,"The Third Man",08/08/16,5
auguste.fouquet@epfl.ch,"Raging Bull",08/09/00,5
margot.didier@epfl.ch,"Metropolis",08/09/04,1
michel.langlois.du.alves@epfl.ch,"Lawrence of Arabia",08/10/08,2
michelle.le.levy@epfl.ch,"Sunset Blvd.",08/11/01,4
emile.valette@epfl.ch,"Psycho",08/12/00,5
margot.moreno@epfl.ch,"Sunset Blvd.",08/12/01,3
laetitia.lucas-laurent@epfl.ch,"Raiders of the Lost Ark",08/12/05,2
thierry.fabre@epfl.ch,"Chinatown",08/12/08,2
emile.marechal-lopez@epfl.ch,"The Third Man",08/12/14,1
margaret.torres@epfl.ch,"The Wages of Fear",08/12/16,1
christophe.raynaud@epfl.ch,"Double Indemnity",09/01/01,2
david.nicolas-martin@epfl.ch,"Raging Bull",09/01/12,3
margaux.humbert-lemoine@epfl.ch,"Casablanca",09/01/16,4
raymond.lecoq-lopes@epfl.ch,"The Godfather: Part II",09/02/02,3
pierre.de.la.simon@epfl.ch,"The Night of the Hunter",09/02/04,1
constance.lucas-buisson@epfl.ch,"Ikiru",09/02/06,3
claire.devaux@epfl.ch,"Star Wars: Episode V - The Empire Strikes Back",09/02/13,3
eugene.bonnin-delaunay@epfl.ch,"Schindler's List",09/03/02,2
alexandre.rey@epfl.ch,"Rashomon",09/03/09,4
patricia.pires@epfl.ch,"12 Angry Men",09/03/10,1
adele.arnaud-charrier@epfl.ch,"M",09/03/16,4
paul.turpin@epfl.ch,"The Shawshank Redemption",09/04/03,5
monique.joly@epfl.ch,"Star Wars: Episode V - The Empire Strikes Back",09/04/04,3
francoise.de.la.blot@epfl.ch,"Singin' in the Rain",09/04/08,4
dorothee.nguyen-martinez@epfl.ch,"The Shawshank Redemption",09/05/00,2
dorothee.lesage@epfl.ch,"Lawrence of Arabia",09/05/16,5
jacqueline.lebon-pascal@epfl.ch,"It's a Wonderful Life",09/06/10,2
alphonse-paul.pages@epfl.ch,"The Godfather",09/07/00,2
theophile.leconte@epfl.ch,"Lawrence of Arabia",09/07/03,5
benjamin.allain-merle@epfl.ch,"The 400 Blows",09/07/08,2
cecile.raynaud-poirier@epfl.ch,"City Lights",09/07/10,3
thomas.leduc-morvan@epfl.ch,"Metropolis",09/07/11,3
laurence.rousseau@epfl.ch,"Apocalypse Now",09/07/14,3
susanne.jacob-turpin@epfl.ch,"Raiders of the Lost Ark",09/07/16,3
laetitia.lucas-laurent@epfl.ch,"Taxi Driver",09/08/07,4
margot.moreno@epfl.ch,"Citizen Kane",09/08/15,4
sophie.perrier@epfl.ch,"Singin' in the Rain",09/08/16,5
marthe.duhamel@epfl.ch,"All About Eve",09/09/00,1
donald.trump@whitehouse.gov,"North by Northwest",09/09/11,4
gregoire.bousquet.le.hoarau@epfl.ch,"Rashomon",09/09/12,4
luc.de.la.letellier@epfl.ch,"Seven Samurai",09/10/03,3
andre.guillon@epfl.ch,"Pulp Fiction",09/11/08,1
bertrand.dupont@epfl.ch,"The Dark Knight",09/11/13,2
elisabeth.de.nguyen@epfl.ch,"Fanny and Alexander",09/12/00,1
noemi.grondin@epfl.ch,"Rear Window",09/12/09,1
monique.joly@epfl.ch,"Ikiru",10/01/04,2
timothee-hugues.chauveau@epfl.ch,"Modern Times",10/01/08,1
ines.maillard@epfl.ch,"Citizen Kane",10/02/01,4
alfred.cohen@epfl.ch,"Ikiru",10/02/05,1
theophile.reynaud.le.neveu@epfl.ch,"2001: A Space Odyssey",10/02/12,1
astrid.faivre@epfl.ch,"Goodfellas",10/03/01,2
stephane.gomes@epfl.ch,"Rear Window",10/03/02,5
sebastien.costa@epfl.ch,"M",10/03/08,1
michel.langlois.du.alves@epfl.ch,"On the Waterfront",10/03/15,3
benoit.payet@epfl.ch,"All About Eve",10/03/15,2
emmanuelle.francois-delaunay@epfl.ch,"2001: A Space Odyssey",10/04/03,4
remy.meyer@epfl.ch,"The Dark Knight",10/04/05,3
lucas.le.gall@epfl.ch,"Dr. Strangelove or: How I Learned to Stop Worrying and Love the Bomb",10/04/05,3
michelle.de.denis@epfl.ch,"One Flew Over the Cuckoo's Nest",10/05/01,5
louis.rodriguez@epfl.ch,"Fanny and Alexander",10/05/08,3
lorraine.parent.le.lesage@epfl.ch,"The Wages of Fear",10/05/13,2
alfred.mahe@epfl.ch,"Tokyo Story",10/05/13,4
claudine.pierre@epfl.ch,"Star Wars: Episode IV - A New Hope",10/05/14,3
margaux.hubert.le.aubert@epfl.ch,"Pulp Fiction",10/06/03,1
elise.guillet-lagarde@epfl.ch,"Dr. Strangelove or: How I Learned to Stop Worrying and Love the Bomb",10/06/08,5
laure.allain.du.maillot@epfl.ch,"One Flew Over the Cuckoo's Nest",10/06/10,1
sabine-maggie.riou@epfl.ch,"Singin' in the Rain",10/06/15,2
sabine.guillot@epfl.ch,"Pulp Fiction",10/07/02,4
sophie.perrier@epfl.ch,"The Godfather",10/07/04,2
martine-victoire.tessier@epfl.ch,"The Good, the Bad and the Ugly",10/07/11,1
benoit.payet@epfl.ch,"Citizen Kane",10/08/04,1
adelaide.du.lagarde@epfl.ch,"Seven Samurai",10/08/05,3
veronique.mathieu@epfl.ch,"Apocalypse Now",10/08/06,1
jerome.dufour@epfl.ch,"Tokyo Story",10/08/09,4
adrien.foucher@epfl.ch,"Citizen Kane",10/09/01,5
maurice.diallo-masse@epfl.ch,"Tokyo Story",10/09/07,1
laure.allain.du.maillot@epfl.ch,"Fanny and Alexander",10/10/15,2
suzanne.du.gillet@epfl.ch,"Fanny and Alexander",10/10/15,5
alfred.cohen@epfl.ch,"The Third Man",10/12/05,1
benjamin.allain-merle@epfl.ch,"Apocalypse Now",10/12/12,2
bertrand.dupont@epfl.ch,"Star Wars: Episode V - The Empire Strikes Back",10/12/14,2
alexandria.nguyen@epfl.ch,"Raiders of the Lost Ark",11/01/13,3
francoise.de.la.blot@epfl.ch,"Dr. Strangelove or: How I Learned to Stop Worrying and Love the Bomb",11/01/13,3
valentine.pichon@epfl.ch,"All About Eve",11/01/14,2
veronique.mathieu@epfl.ch,"Raging Bull",11/02/01,4
sabine.guillot@epfl.ch,"Apocalypse Now",11/02/06,1
lorraine.parent.le.lesage@epfl.ch,"Sunset Blvd.",11/02/15,1
richard.le.goff.de.la.briand@epfl.ch,"The Godfather",11/03/12,1
marthe.duhamel@epfl.ch,"City Lights",11/04/00,5
jeanne.de.jacquet@epfl.ch,"It's a Wonderful Life",11/04/03,1
manon.chevallier@epfl.ch,"Vertigo",11/04/10,5
corinne.de.masson@epfl.ch,"The Godfather",11/04/10,3
noemi.grondin@epfl.ch,"The Night of the Hunter",11/04/13,3
zoe-lucie.lemoine@epfl.ch,"Dr. Strangelove or: How I Learned to Stop Worrying and Love the Bomb",11/05/05,1
mathilde.paul@epfl.ch,"Rashomon",11/05/07,3
sylvie.carpentier@epfl.ch,"Star Wars: Episode IV - A New Hope",11/06/03,3
valerie.de.nicolas@epfl.ch,"Sunrise",11/06/05,5
daniel.cohen@epfl.ch,"The Night of the Hunter",11/06/10,4
richard.le.goff.de.la.briand@epfl.ch,"Bicycle Thieves",11/06/11,3
robert.regnier@epfl.ch,"Sunset Blvd.",11/07/01,5
veronique.mathieu@epfl.ch,"Bicycle Thieves",11/07/12,5
suzanne.guyot.du.lucas@epfl.ch,"Modern Times",11/08/00,2
laurent.dos.santos@epfl.ch,"The Dark Knight",11/08/02,3
eleonore.hebert-petit@epfl.ch,"Lawrence of Arabia",11/08/07,3
patricia-mathilde.richard@epfl.ch,"Ikiru",11/08/11,4
chantal.du.descamps@epfl.ch,"Rear Window",11/08/15,1
valentine.pichon@epfl.ch,"The Shawshank Redemption",11/09/01,5
laetitia.hoarau@epfl.ch,"Pulp Fiction",11/09/07,3
suzanne.bousquet@epfl.ch,"Fanny and Alexander",11/09/10,3
gregoire.bousquet.le.hoarau@epfl.ch,"The Shawshank Redemption",11/09/13,2
eugene.bonnin-delaunay@epfl.ch,"M",11/09/13,3
aimee.du.bousquet@epfl.ch,"Star Wars: Episode V - The Empire Strikes Back",11/11/08,2
sabine-maggie.riou@epfl.ch,"The Third Man",11/11/12,1
pierre.de.la.simon@epfl.ch,"The Third Man",11/11/15,5
paul.potier@epfl.ch,"Citizen Kane",11/12/04,3
laurence.rousseau@epfl.ch,"Singin' in the Rain",11/12/15,5
thomas.leduc-morvan@epfl.ch,"All About Eve",11/12/16,1
marcel.laine@epfl.ch,"Bicycle Thieves",12/01/00,4
emile.adam-becker@epfl.ch,"Seven Samurai",12/01/11,1
cecile.faure.de.la.dupuis@epfl.ch,"The Good, the Bad and the Ugly",12/01/16,5
julien.colin@epfl.ch,"Taxi Driver",12/02/16,1
andre.barbier@epfl.ch,"The Wages of Fear",12/03/00,1
luc.de.la.letellier@epfl.ch,"Paths of Glory",12/03/08,4
suzanne.bousquet@epfl.ch,"Ikiru",12/03/10,5
marcelle.marty-millet@epfl.ch,"Taxi Driver",12/04/02,1
anastasie.legendre-bouvier@epfl.ch,"Spirited Away",12/04/12,1
stephane.gomes@epfl.ch,"Double Indemnity",12/04/15,3
timothee.vaillant@epfl.ch,"The Third Man",12/06/05,5
constance.lucas-buisson@epfl.ch,"Casablanca",12/06/13,1
gerard.charrier.le.vaillant@epfl.ch,"2001: A Space Odyssey",12/06/14,5
adele.arnaud-charrier@epfl.ch,"Lawrence of Arabia",12/07/02,5
claudine.clement@epfl.ch,"Star Wars: Episode IV - A New Hope",12/07/03,5
laure.allain.du.maillot@epfl.ch,"Sunset Blvd.",12/08/03,4
auguste.fouquet@epfl.ch,"Once Upon a Time in the West",12/08/11,1
aime.remy@epfl.ch,"Ikiru",12/09/06,1
paul.turpin@epfl.ch,"The Wages of Fear",12/10/06,2
emmanuelle.jacques@epfl.ch,"Metropolis",12/10/13,1
aurore.salmon@epfl.ch,"Metropolis",12/10/13,3
martine-victoire.tessier@epfl.ch,"The Third Man",12/11/01,4
rene.ferreira@epfl.ch,"Citizen Kane",12/11/04,5
marianne.bertin@epfl.ch,"Double Indemnity",12/11/11,3
aimee.du.bousquet@epfl.ch,"Bicycle Thieves",12/12/15,2
sebastien.costa@epfl.ch,"Raiders of the Lost Ark",13/01/06,1
patrick.le.lopez@epfl.ch,"Star Wars: Episode V - The Empire Strikes Back",13/01/07,4
susanne-elise.dupont@epfl.ch,"The Godfather",13/01/09,5
roger.cohen@epfl.ch,"One Flew Over the Cuckoo's Nest",13/01/13,3
astrid.faivre@epfl.ch,"Fanny and Alexander",13/01/15,5
remy.lombard@epfl.ch,"Star Wars: Episode IV - A New Hope",13/02/07,1
valerie.de.nicolas@epfl.ch,"Tokyo Story",13/02/09,2
claudine.pierre@epfl.ch,"Raiders of the Lost Ark",13/02/09,5
lucy.lagarde.de.la.gilles@epfl.ch,"Modern Times",13/03/07,4
laurent.dos.santos@epfl.ch,"Modern Times",13/04/00,1
manon.chevallier@epfl.ch,"2001: A Space Odyssey",13/04/05,3
celine.leroy@epfl.ch,"Goodfellas",13/04/09,2
valentine.pichon@epfl.ch,"Paths of Glory",13/04/13,5
theodore.du.mahe@epfl.ch,"Modern Times",13/05/11,2
theophile-thibaut.guillaume@epfl.ch,"The Godfather: Part II",13/05/12,3
augustin.caron@epfl.ch,"Chinatown",13/05/13,1
theophile.leconte@epfl.ch,"It's a Wonderful Life",13/06/04,4
richard.le.goff.de.la.briand@epfl.ch,"Spirited Away",13/07/09,3
patricia.pires@epfl.ch,"Citizen Kane",13/07/11,2
margaret.torres@epfl.ch,"Pulp Fiction",13/08/02,5
michelle.le.levy@epfl.ch,"Casablanca",13/08/06,4
christine.delorme@epfl.ch,"Citizen Kane",13/08/06,5
laurent.baron@epfl.ch,"Metropolis",13/08/08,2
clemence-therese.joubert@epfl.ch,"The Third Man",13/08/08,3
juliette.turpin@epfl.ch,"The Good, the Bad and the Ugly",13/08/11,1
sabine.guillot@epfl.ch,"Tokyo Story",13/08/16,3
sylvie.thierry@epfl.ch,"The Good, the Bad and the Ugly",13/09/01,1
suzanne.bousquet@epfl.ch,"The Good, the Bad and the Ugly",13/09/15,4
emilie-agathe.robin@epfl.ch,"Vertigo",13/09/16,5
adrien.foucher@epfl.ch,"The Godfather: Part II",13/10/01,3
emmanuel.chretien@epfl.ch,"Spirited Away",13/10/06,3
aimee.du.bousquet@epfl.ch,"Schindler's List",13/10/06,1
francois.de.leblanc@epfl.ch,"Bicycle Thieves",13/10/07,2
remy.meyer@epfl.ch,"On the Waterfront",13/10/08,1
pierre.du.delorme@epfl.ch,"Schindler's List",13/10/11,4
mathilde.paul@epfl.ch,"On the Waterfront",13/11/00,3
augustin.caron@epfl.ch,"Once Upon a Time in the West",13/11/01,5
marine.levy@epfl.ch,"Bicycle Thieves",13/11/03,3
aime.remy@epfl.ch,"Double Indemnity",13/11/09,1
benjamin.allain-merle@epfl.ch,"Tokyo Story",13/11/13,2
margaux.delmas@epfl.ch,"All About Eve",13/11/15,2
elisabeth.de.nguyen@epfl.ch,"Tokyo Story",13/11/15,3
emile.valette@epfl.ch,"Vertigo",13/11/16,4
frederique.besson@epfl.ch,"Rashomon",13/12/01,3
zoe-lucie.lemoine@epfl.ch,"Rashomon",13/12/07,5
claude.foucher@epfl.ch,"Sunrise",14/01/06,3
andre.guillon@epfl.ch,"Star Wars: Episode V - The Empire Strikes Back",14/01/15,5
arnaude.guyon@epfl.ch,"Singin' in the Rain",14/02/00,3
richard.le.goff.de.la.briand@epfl.ch,"Raging Bull",14/02/01,2
raymond.rousset@epfl.ch,"All About Eve",14/02/03,2
margaux.humbert-lemoine@epfl.ch,"Schindler's List",14/02/09,4
nathalie.legendre.le.gaudin@epfl.ch,"Chinatown",14/02/12,3
auguste-jacques.charles@epfl.ch,"The Night of the Hunter",14/02/15,2
louise.guyon.le.fleury@epfl.ch,"The Godfather: Part II",14/02/16,4
joseph.colas@epfl.ch,"Psycho",14/03/10,5
marc.mendes@epfl.ch,"Double Indemnity",14/03/12,3
martine-victoire.tessier@epfl.ch,"Rear Window",14/03/16,3
corinne.de.masson@epfl.ch,"Goodfellas",14/04/15,4
claudine.clement@epfl.ch,"North by Northwest",14/05/02,5
sabine-maggie.riou@epfl.ch,"The Good, the Bad and the Ugly",14/05/13,2
margot.didier@epfl.ch,"Sunrise",14/06/01,4
yves.gomes@epfl.ch,"The Wages of Fear",14/06/02,2
jean-matthieu.launay@epfl.ch,"Singin' in the Rain",14/06/05,2
zacharie.dupuy-laroche@epfl.ch,"Raiders of the Lost Ark",14/06/06,1
alexandria.nguyen@epfl.ch,"2001: A Space Odyssey",14/06/15,1
pierre.du.delorme@epfl.ch,"Ikiru",14/07/09,2
arnaude.humbert-hardy@epfl.ch,"The Dark Knight",14/08/05,1
alexandre.rey@epfl.ch,"Taxi Driver",14/08/10,5
timothee-hugues.chauveau@epfl.ch,"Rashomon",14/08/10,2
alfred.buisson@epfl.ch,"Raging Bull",14/08/12,5
david-tristan.diaz@epfl.ch,"Citizen Kane",14/08/14,4
margaux.delmas@epfl.ch,"Casablanca",14/08/14,4
marc.mendes@epfl.ch,"One Flew Over the Cuckoo's Nest",14/09/04,2
emmanuelle-amelie.simon@epfl.ch,"Modern Times",14/09/06,3
margot.didier@epfl.ch,"Raging Bull",14/10/15,2
emmanuelle-amelie.simon@epfl.ch,"The 400 Blows",14/10/15,1
robert.aubry@epfl.ch,"Star Wars: Episode IV - A New Hope",14/11/09,1
manon.chevallier@epfl.ch,"Taxi Driver",14/11/10,2
emmanuel.chretien@epfl.ch,"On the Waterfront",14/11/12,1
daniel.cohen@epfl.ch,"Vertigo",14/12/06,3
lorraine.parent.le.lesage@epfl.ch,"Fanny and Alexander",15/01/00,4
laurence.rousseau@epfl.ch,"Pulp Fiction",15/01/03,1
laurent.baron@epfl.ch,"North by Northwest",15/01/09,5
jeannine-emilie.mendes@epfl.ch,"The Dark Knight",15/01/13,3
suzanne.du.gillet@epfl.ch,"The Wages of Fear",15/02/03,3
alfred.mahe@epfl.ch,"Casablanca",15/02/07,2
thibaut.blanc@epfl.ch,"One Flew Over the Cuckoo's Nest",15/02/13,1
bertrand.camus@epfl.ch,"Tokyo Story",15/02/15,1
jeanne.de.jacquet@epfl.ch,"Tokyo Story",15/03/06,4
emmanuelle.jacques@epfl.ch,"M",15/05/05,1
aime.poirier@epfl.ch,"Ikiru",15/06/02,2
marcel.laine@epfl.ch,"Singin' in the Rain",15/06/09,5
emile.valette@epfl.ch,"The 400 Blows",15/06/10,1
david-tristan.diaz@epfl.ch,"The Godfather",15/06/11,5
claire.devaux@epfl.ch,"Rashomon",15/06/11,4
margaux.chretien@epfl.ch,"Psycho",15/06/13,1
alexandria.nguyen@epfl.ch,"On the Waterfront",15/06/14,2
manon.chevallier@epfl.ch,"One Flew Over the Cuckoo's Nest",15/07/16,1
monique.joly@epfl.ch,"The Dark Knight",15/08/00,5
emmanuel.chretien@epfl.ch,"Raiders of the Lost Ark",15/08/02,2
theophile.reynaud.le.neveu@epfl.ch,"On the Waterfront",15/08/10,5
victor.courtois@epfl.ch,"Seven Samurai",15/09/05,2
emile.marechal-lopez@epfl.ch,"It's a Wonderful Life",15/09/08,4
emmanuelle.jacques@epfl.ch,"City Lights",15/09/09,1
celine.leroy@epfl.ch,"12 Angry Men",15/09/13,4
manon.neveu@epfl.ch,"Goodfellas",15/10/03,5
constance.lucas-buisson@epfl.ch,"The Dark Knight",15/10/07,3
adelaide.du.lagarde@epfl.ch,"Vertigo",15/10/08,1
francoise.de.la.blot@epfl.ch,"Once Upon a Time in the West",15/10/08,4
emmanuelle.bertin-maillot@epfl.ch,"Casablanca",15/10/13,5
hugues.remy@epfl.ch,"Apocalypse Now",15/11/00,5
margaux.chretien@epfl.ch,"The Godfather",15/11/12,3
joseph.perrier-klein@epfl.ch,"All About Eve",15/11/14,2
jacqueline.lebon-pascal@epfl.ch,"Pulp Fiction",15/11/16,5
celina-nathalie.noel@epfl.ch,"Fanny and Alexander",15/12/16,5
margot.moreno@epfl.ch,"Lawrence of Arabia",16/02/06,3
raymond.lecoq-lopes@epfl.ch,"Star Wars: Episode IV - A New Hope",16/02/16,2
capucine.ferreira@epfl.ch,"Rear Window",16/03/13,5
philippine.rocher@epfl.ch,"Seven Samurai",16/04/14,4
benjamin.allain-merle@epfl.ch,"Lawrence of Arabia",16/05/00,1
laetitia.hoarau@epfl.ch,"Dr. Strangelove or: How I Learned to Stop Worrying and Love the Bomb",16/05/13,5
mathilde.paul@epfl.ch,"Dr. Strangelove or: How I Learned to Stop Worrying and Love the Bomb",16/06/08,4
claude-lucy.joly@epfl.ch,"Spirited Away",16/06/14,4
emmanuelle.du.nicolas@epfl.ch,"Citizen Kane",16/08/05,1
laurence.perrier-brun@epfl.ch,"Raging Bull",16/08/14,2
lucy.lagarde.de.la.gilles@epfl.ch,"Citizen Kane",16/08/16,5
susanne-elise.dupont@epfl.ch,"Chinatown",16/09/03,3
michel.langlois.du.alves@epfl.ch,"Singin' in the Rain",16/09/14,1
zoe-lucie.lemoine@epfl.ch,"Rear Window",16/09/15,2
michelle.le.levy@epfl.ch,"Citizen Kane",16/10/14,5
margaux.delmas@epfl.ch,"Bicycle Thieves",16/11/00,1
marianne.bertin@epfl.ch,"Once Upon a Time in the West",16/11/00,1
cecile.raynaud-poirier@epfl.ch,"Singin' in the Rain",16/11/09,2
josette.parent@epfl.ch,"Spirited Away",16/11/11,1
andre.barbier@epfl.ch,"12 Angry Men",16/11/12,2
suzanne.picard.de.la.thomas@epfl.ch,"Sunrise",16/11/15,2
robert.regnier@epfl.ch,"North by Northwest",16/11/15,4
auguste.fouquet@epfl.ch,"Rashomon",17/01/09,5
marianne-elisabeth.gautier@epfl.ch,"Rashomon",17/01/11,4
josette.parent@epfl.ch,"Sunset Blvd.",17/01/14,5
emmanuelle.bertin-maillot@epfl.ch,"2001: A Space Odyssey",17/02/11,1
stephanie.texier@epfl.ch,"Lawrence of Arabia",17/02/15,1
isaac.lemaire.le.alexandre@epfl.ch,"Double Indemnity",17/03/08,1
jerome.dufour@epfl.ch,"Schindler's List",17/03/09,1
richard.payet@epfl.ch,"Rear Window",17/04/03,1
dorothee.lesage@epfl.ch,"Fanny and Alexander",17/04/06,4
theodore.du.mahe@epfl.ch,"The Dark Knight",17/05/00,3
astrid.faivre@epfl.ch,"Metropolis",17/05/06,4
susanne.jacob-turpin@epfl.ch,"Sunrise",17/05/06,4
xavier.de.legros@epfl.ch,"The Good, the Bad and the Ugly",17/05/08,2
margot.didier@epfl.ch,"Goodfellas",17/07/00,4
remy.meyer@epfl.ch,"Rashomon",17/07/03,4
sophie.perrier@epfl.ch,"Pulp Fiction",17/08/00,4
alexandre.rey@epfl.ch,"Modern Times",17/08/01,3
claire.devaux@epfl.ch,"The Dark Knight",17/08/01,3
adele.arnaud-charrier@epfl.ch,"Chinatown",17/08/03,3
elisabeth.de.nguyen@epfl.ch,"Raging Bull",17/08/12,5
susanne.jacob-turpin@epfl.ch,"Casablanca",17/08/13,2
joseph.perrier-klein@epfl.ch,"Double Indemnity",17/09/05,3
raymond.lecoq-lopes@epfl.ch,"Rear Window",17/10/01,2
stephane.gomes@epfl.ch,"Vertigo",17/11/01,4
martine-victoire.tessier@epfl.ch,"Singin' in the Rain",17/11/01,5
claude-lucy.joly@epfl.ch,"City Lights",17/11/09,3
marianne-elisabeth.gautier@epfl.ch,"Modern Times",17/12/06,1
michelle.de.denis@epfl.ch,"Casablanca",17/12/12,4
laurence.rousseau@epfl.ch,"Lawrence of Arabia",18/02/02,5
clemence-therese.joubert@epfl.ch,"Double Indemnity",18/02/03,4
isaac.lemaire.le.alexandre@epfl.ch,"Apocalypse Now",18/03/05,5
sebastien.costa@epfl.ch,"Psycho",18/03/09,5
aime.poirier@epfl.ch,"Chinatown",18/03/10,1
andre.guillon@epfl.ch,"Apocalypse Now",18/04/04,3
suzanne.guyot.du.lucas@epfl.ch,"Bicycle Thieves",18/04/04,1
alexandria.nguyen@epfl.ch,"Citizen Kane",18/04/05,5
julien.colin@epfl.ch,"The 400 Blows",18/04/07,5
elise.guillet-lagarde@epfl.ch,"The Dark Knight",18/04/11,2
benjamin.allain-merle@epfl.ch,"Citizen Kane",18/06/10,5
margaux.berthelot@epfl.ch,"Star Wars: Episode IV - A New Hope",18/06/11,3
lucy.lagarde.de.la.gilles@epfl.ch,"Dr. Strangelove or: How I Learned to Stop Worrying and Love the Bomb",18/08/11,4
veronique.mathieu@epfl.ch,"The Shawshank Redemption",18/08/13,5
benoit.payet@epfl.ch,"Once Upon a Time in the West",18/08/14,3
victor.courtois@epfl.ch,"Sunset Blvd.",18/08/16,1
manon.neveu@epfl.ch,"Fanny and Alexander",18/09/05,2
jerome.dufour@epfl.ch,"Dr. Strangelove or: How I Learned to Stop Worrying and Love the Bomb",18/09/10,3
jeannine-emilie.mendes@epfl.ch,"Seven Samurai",18/09/15,2
theophile.reynaud.le.neveu@epfl.ch,"The 400 Blows",18/10/05,2
jeannine.toussaint-masson@epfl.ch,"Star Wars: Episode V - The Empire Strikes Back",18/11/12,4
noemi.grondin@epfl.ch,"Rashomon",18/12/13,2
margaux.berthelot@epfl.ch,"On the Waterfront",18/12/15,2
claude.foucher@epfl.ch,"Taxi Driver",19/01/05,5
luc.de.la.letellier@epfl.ch,"Metropolis",19/01/06,5
chantal.roche@epfl.ch,"City Lights",19/01/06,2
christiane.baron@epfl.ch,"Metropolis",19/03/02,1
susanne-elise.dupont@epfl.ch,"Star Wars: Episode IV - A New Hope",19/03/05,3
colette.traore@epfl.ch,"Once Upon a Time in the West",19/03/08,5
xavier.de.legros@epfl.ch,"Sunset Blvd.",19/04/11,4
dominique.evrard.le.sauvage@epfl.ch,"Star Wars: Episode V - The Empire Strikes Back",19/04/14,4
laurent.baron@epfl.ch,"Tokyo Story",19/05/04,2
jeanne.de.jacquet@epfl.ch,"The Night of the Hunter",19/05/04,5
laurent.baron@epfl.ch,"The Night of the Hunter",19/06/01,4
remy.meyer@epfl.ch,"Raiders of the Lost Ark",19/06/03,2
laurent.baron@epfl.ch,"The 400 Blows",19/06/10,5
emile.marechal-lopez@epfl.ch,"Modern Times",19/08/02,4
margaret.torres@epfl.ch,"Goodfellas",19/08/11,3
maryse.maurice@epfl.ch,"Seven Samurai",19/08/15,3
guillaume.hamel@epfl.ch,"Seven Samurai",19/09/05,2
bertrand.dupont@epfl.ch,"Sunrise",19/09/06,2
yves.gomes@epfl.ch,"Singin' in the Rain",19/09/07,2
thibaut.blanc@epfl.ch,"M",19/09/09,1
jeanne.de.jacquet@epfl.ch,"12 Angry Men",19/09/13,3
ines.maillard@epfl.ch,"The Good, the Bad and the Ugly",19/09/13,3
eleonore.hebert-petit@epfl.ch,"Apocalypse Now",19/09/15,5
stephanie.texier@epfl.ch,"Star Wars: Episode IV - A New Hope",19/10/02,4
nathalie.lagarde@epfl.ch,"Ikiru",19/10/03,4
nathalie.legendre.le.gaudin@epfl.ch,"2001: A Space Odyssey",19/11/04,1
nathalie.legendre.le.gaudin@epfl.ch,"Vertigo",19/11/05,5
christine.delorme@epfl.ch,"Casablanca",19/12/01,4
mathilde.paul@epfl.ch,"The Wages of Fear",19/12/02,3
michelle.de.denis@epfl.ch,"The Godfather: Part II",19/12/08,3
marthe.letellier.du.lacombe@epfl.ch,"Schindler's List",19/12/11,4
benjamin.evrard@epfl.ch,"Sunset Blvd.",19/12/16,1
constance.lucas-buisson@epfl.ch,"Paths of Glory",20/01/03,3
emmanuel.chretien@epfl.ch,"Lawrence of Arabia",20/01/04,4
marianne-elisabeth.gautier@epfl.ch,"Vertigo",20/01/05,4
pierre.du.delorme@epfl.ch,"Fanny and Alexander",20/01/06,5
paul.buisson@epfl.ch,"Psycho",20/02/00,5
jeanne.de.jacquet@epfl.ch,"Raiders of the Lost Ark",20/02/11,1
sylvie.thierry@epfl.ch,"The Dark Knight",20/02/15,1
chantal.roche@epfl.ch,"Raiders of the Lost Ark",20/03/08,2
patrick.le.lopez@epfl.ch,"The Shawshank Redemption",20/04/02,1
paul.potier@epfl.ch,"It's a Wonderful Life",20/04/09,2
andre.barbier@epfl.ch,"Raiders of the Lost Ark",20/04/11,5
paul.turpin@epfl.ch,"Paths of Glory",20/04/13,5
adelaide.du.lagarde@epfl.ch,"Fanny and Alexander",20/04/14,4
robert-edouard.boulanger@epfl.ch,"Goodfellas",20/05/01,5
jean.roux@epfl.ch,"Rashomon",20/05/06,3
remy.lombard@epfl.ch,"Seven Samurai",20/05/06,5
stephane.allard@epfl.ch,"The Godfather",20/05/08,2
emile.valette@epfl.ch,"The Shawshank Redemption",20/05/11,4
patricia-mathilde.richard@epfl.ch,"Vertigo",20/06/05,4
margaux.hubert.le.aubert@epfl.ch,"Lawrence of Arabia",20/06/06,2
rene.lecomte@epfl.ch,"Star Wars: Episode IV - A New Hope",20/06/09,5
margaux.berthelot@epfl.ch,"It's a Wonderful Life",20/07/03,4
laurence.perrier-brun@epfl.ch,"Singin' in the Rain",20/07/14,2
jacques.cohen@epfl.ch,"The Night of the Hunter",20/08/12,2
renee-juliette.bernier@epfl.ch,"M",20/08/15,4
emmanuelle-amelie.simon@epfl.ch,"Star Wars: Episode V - The Empire Strikes Back",20/09/07,2
louis.rodriguez@epfl.ch,"Paths of Glory",20/09/16,5
thierry.fabre@epfl.ch,"Dr. Strangelove or: How I Learned to Stop Worrying and Love the Bomb",20/10/04,2
capucine.ferreira@epfl.ch,"Star Wars: Episode V - The Empire Strikes Back",20/10/08,5
stephane.boyer@epfl.ch,"Goodfellas",20/10/10,3
emilie-agathe.robin@epfl.ch,"Rashomon",20/11/03,2
emmanuelle.francois-delaunay@epfl.ch,"Pulp Fiction",20/11/05,1
jean-matthieu.launay@epfl.ch,"On the Waterfront",20/11/10,5
sabine.le.roux-marion@epfl.ch,"The Night of the Hunter",20/11/16,5
timothee-hugues.chauveau@epfl.ch,"Once Upon a Time in the West",20/11/16,5
susanne-elise.dupont@epfl.ch,"Citizen Kane",20/12/03,3
marthe.gomez@epfl.ch,"Star Wars: Episode IV - A New Hope",20/12/07,2
david.nicolas-martin@epfl.ch,"The Shawshank Redemption",21/01/06,2
xavier.de.legros@epfl.ch,"Spirited Away",21/01/12,2
josette.parent@epfl.ch,"Goodfellas",21/02/01,2
bertrand.camus@epfl.ch,"Schindler's List",21/02/15,1
guillaume.hamel@epfl.ch,"Sunrise",21/03/07,1
theophile.leconte@epfl.ch,"Goodfellas",21/05/05,4
pierre.du.delorme@epfl.ch,"Star Wars: Episode IV - A New Hope",21/05/13,5
colette.traore@epfl.ch,"Psycho",21/06/13,1
stephane.allard@epfl.ch,"The Third Man",21/06/13,1
margaux.humbert-lemoine@epfl.ch,"Rashomon",21/07/12,1
theodore.sanchez-chevallier@epfl.ch,"12 Angry Men",21/08/10,1
auguste-jacques.charles@epfl.ch,"Psycho",21/08/16,3
benjamin.evrard@epfl.ch,"One Flew Over the Cuckoo's Nest",21/09/05,1
roger.cohen@epfl.ch,"The Third Man",21/09/05,1
jacques.cohen@epfl.ch,"M",21/09/05,1
thibaut.blanc@epfl.ch,"Rear Window",21/09/06,5
timothee.vaillant@epfl.ch,"Ikiru",21/10/01,1
rene.lecomte@epfl.ch,"It's a Wonderful Life",21/10/04,1
sabine.le.roux-marion@epfl.ch,"On the Waterfront",21/10/10,3
paul.turpin@epfl.ch,"Raging Bull",21/11/07,3
patricia-mathilde.richard@epfl.ch,"The Wages of Fear",21/11/15,1
susanne.barthelemy@epfl.ch,"Vertigo",21/12/01,2
vincent.guichard@epfl.ch,"North by Northwest",21/12/02,2
roger.cohen@epfl.ch,"Psycho",22/01/09,2
aime.remy@epfl.ch,"On the Waterfront",22/01/09,2
laetitia.lucas-laurent@epfl.ch,"Psycho",22/01/14,4
louise.guyon.le.fleury@epfl.ch,"Fanny and Alexander",22/02/04,3
vincent.guichard@epfl.ch,"Apocalypse Now",22/02/08,3
dominique.evrard.le.sauvage@epfl.ch,"On the Waterfront",22/02/10,1
jeannine.toussaint-masson@epfl.ch,"The Shawshank Redemption",22/03/05,2
marthe.letellier.du.lacombe@epfl.ch,"Modern Times",22/03/06,1
cecile.faure.de.la.dupuis@epfl.ch,"Tokyo Story",22/03/12,5
theophile-thibaut.guillaume@epfl.ch,"The Dark Knight",22/03/16,4
robert.aubry@epfl.ch,"Metropolis",22/03/16,1
thibault.david@epfl.ch,"Lawrence of Arabia",22/04/00,2
emile.adam-becker@epfl.ch,"Fanny and Alexander",22/04/02,4
jeannine-emilie.mendes@epfl.ch,"Once Upon a Time in the West",22/04/04,1
bertrand.dupont@epfl.ch,"The Godfather: Part II",22/04/16,2
margot.didier@epfl.ch,"The Dark Knight",22/05/02,4
thierry.fabre@epfl.ch,"One Flew Over the Cuckoo's Nest",22/05/15,5
augustin.caron@epfl.ch,"Raiders of the Lost Ark",22/07/01,3
zacharie.dupuy-laroche@epfl.ch,"Star Wars: Episode IV - A New Hope",22/07/15,4
stephane.gomes@epfl.ch,"Psycho",22/08/12,4
ines.maillard@epfl.ch,"Apocalypse Now",22/08/15,5
christiane.baron@epfl.ch,"The Dark Knight",22/09/02,4
louise.guyon.le.fleury@epfl.ch,"Chinatown",22/09/07,4
thibault.david@epfl.ch,"The Dark Knight",22/09/13,3
anastasie.legendre-bouvier@epfl.ch,"Tokyo Story",22/10/02,2
augustin.caron@epfl.ch,"Dr. Strangelove or: How I Learned to Stop Worrying and Love the Bomb",22/10/04,4
theodore.sanchez-chevallier@epfl.ch,"Vertigo",22/10/13,5
susanne.jacob-turpin@epfl.ch,"Chinatown",22/11/03,5
lucas.etienne@epfl.ch,"2001: A Space Odyssey",22/11/04,4
aurore.salmon@epfl.ch,"The Third Man",22/11/11,5
andre.barbier@epfl.ch,"Bicycle Thieves",22/12/00,3
benjamin.evrard@epfl.ch,"Ikiru",22/12/15,5
aimee.du.bousquet@epfl.ch,"Metropolis",23/01/03,2
laure.allain.du.maillot@epfl.ch,"Modern Times",23/01/10,5
marthe.gomez@epfl.ch,"Bicycle Thieves",23/02/02,2
emmanuelle.francois-delaunay@epfl.ch,"It's a Wonderful Life",23/02/12,1
luc.du.carpentier@epfl.ch,"Dr. Strangelove or: How I Learned to Stop Worrying and Love the Bomb",23/02/13,3
lucas.le.gall@epfl.ch,"Modern Times",23/02/15,2
thibault.david@epfl.ch,"Ikiru",23/03/03,1
aurore.salmon@epfl.ch,"Psycho",23/03/05,4
laurent.dos.santos@epfl.ch,"The Godfather",23/04/02,2
marc.mendes@epfl.ch,"Lawrence of Arabia",23/04/06,4
margaux.berthelot@epfl.ch,"Tokyo Story",23/04/08,1
pierre.de.la.simon@epfl.ch,"Rashomon",23/05/00,3
victor.courtois@epfl.ch,"Modern Times",23/05/05,1
eleonore.hebert-petit@epfl.ch,"Casablanca",23/05/06,2
marianne.bertin@epfl.ch,"The Wages of Fear",23/05/13,5
philippine.rocher@epfl.ch,"Raging Bull",23/05/15,3
joseph.perrier-klein@epfl.ch,"Once Upon a Time in the West",23/06/03,5
alfred.mahe@epfl.ch,"The Dark Knight",23/06/12,5
benjamin.evrard@epfl.ch,"Citizen Kane",23/07/04,1
suzanne.bousquet@epfl.ch,"The Night of the Hunter",23/07/10,1
marcel.laine@epfl.ch,"Schindler's List",23/07/13,5
adrien.foucher@epfl.ch,"Casablanca",23/09/01,2
dorothee.nguyen-martinez@epfl.ch,"The Godfather: Part II",23/09/07,2
timothee.vaillant@epfl.ch,"Tokyo Story",23/09/09,3
lorraine.parent.le.lesage@epfl.ch,"M",23/09/14,2
emmanuelle-amelie.simon@epfl.ch,"Sunset Blvd.",23/09/14,3
auguste.fouquet@epfl.ch,"Ikiru",23/11/02,3
laetitia.hoarau@epfl.ch,"The Shawshank Redemption",23/11/03,4
hugues.remy@epfl.ch,"The Godfather: Part II",23/11/16,4
daniel.cohen@epfl.ch,"One Flew Over the Cuckoo's Nest",23/12/14,4
claire.devaux@epfl.ch,"The Godfather: Part II",24/01/08,3
maryse.maurice@epfl.ch,"Dr. Strangelove or: How I Learned to Stop Worrying and Love the Bomb",24/01/14,1
arnaude.guyon@epfl.ch,"City Lights",24/02/04,5
adrien.foucher@epfl.ch,"Psycho",24/03/11,5
emmanuelle.francois-delaunay@epfl.ch,"Metropolis",24/05/09,2
arnaude.guyon@epfl.ch,"Star Wars: Episode IV - A New Hope",24/05/09,2
corinne.de.masson@epfl.ch,"Spirited Away",24/05/16,5
eleonore.hebert-petit@epfl.ch,"Schindler's List",24/06/15,4
richard.launay@epfl.ch,"Lawrence of Arabia",24/07/03,3
jeannine.toussaint-masson@epfl.ch,"Vertigo",24/07/14,4
laetitia.lucas-laurent@epfl.ch,"Star Wars: Episode V - The Empire Strikes Back",24/08/07,4
guy.regnier@epfl.ch,"Singin' in the Rain",24/08/12,4
susanne-elise.dupont@epfl.ch,"The Third Man",24/08/13,4
dorothee.nguyen-martinez@epfl.ch,"Rear Window",24/09/00,4
isaac.lemaire.le.alexandre@epfl.ch,"Citizen Kane",24/09/06,5
timothee-hugues.chauveau@epfl.ch,"Double Indemnity",24/09/06,4
alphonse-paul.pages@epfl.ch,"The Dark Knight",24/09/11,2
daniel.cohen@epfl.ch,"Fanny and Alexander",24/10/00,2
joseph.perrier-klein@epfl.ch,"Pulp Fiction",24/10/01,4
auguste.fouquet@epfl.ch,"City Lights",24/11/04,3
julien.colin@epfl.ch,"Raiders of the Lost Ark",24/11/05,4
thibaut.blanc@epfl.ch,"City Lights",24/11/07,1
jean-matthieu.launay@epfl.ch,"It's a Wonderful Life",24/11/13,2
timothee.vaillant@epfl.ch,"Spirited Away",25/01/02,4
celina-nathalie.noel@epfl.ch,"Sunset Blvd.",25/01/13,4
gerard.charrier.le.vaillant@epfl.ch,"Chinatown",25/02/00,3
josette.parent@epfl.ch,"The Dark Knight",25/02/04,2
aurore.salmon@epfl.ch,"North by Northwest",25/02/15,3
valentine.pichon@epfl.ch,"Taxi Driver",25/03/05,4
donald.trump@whitehouse.gov,"Tokyo Story",25/03/06,3
gerard.charrier.le.vaillant@epfl.ch,"Double Indemnity",25/03/08,2
stephane.boyer@epfl.ch,"M",25/03/08,1
pierre.du.delorme@epfl.ch,"North by Northwest",25/03/11,5
celina-nathalie.noel@epfl.ch,"M",25/03/11,3
robert.regnier@epfl.ch,"Fanny and Alexander",25/04/02,2
robert.regnier@epfl.ch,"The Third Man",25/04/07,5
maurice.diallo-masse@epfl.ch,"Pulp Fiction",25/05/04,4
benjamin.evrard@epfl.ch,"Modern Times",25/05/08,4
eugene.bonnin-delaunay@epfl.ch,"Seven Samurai",25/06/08,5
patricia.pires@epfl.ch,"Spirited Away",25/06/10,2
elisabeth.de.nguyen@epfl.ch,"North by Northwest",25/06/12,3
martine-victoire.tessier@epfl.ch,"The 400 Blows",25/06/14,4
claire.devaux@epfl.ch,"Pulp Fiction",25/09/08,1
luc.du.carpentier@epfl.ch,"M",25/09/10,2
francois.de.leblanc@epfl.ch,"Taxi Driver",25/09/12,2
adrienne.adam@epfl.ch,"Metropolis",25/10/01,2
xavier.de.legros@epfl.ch,"Taxi Driver",25/10/03,5
arnaude.humbert-hardy@epfl.ch,"The Godfather",25/11/07,3
maurice.diallo-masse@epfl.ch,"Casablanca",25/11/10,5
susanne.barthelemy@epfl.ch,"12 Angry Men",25/11/11,4
dominique.evrard.le.sauvage@epfl.ch,"Goodfellas",25/11/11,5
maryse.maurice@epfl.ch,"Lawrence of Arabia",25/11/13,2
margot.moreno@epfl.ch,"Star Wars: Episode IV - A New Hope",25/12/01,4
robert-edouard.boulanger@epfl.ch,"Rear Window",25/12/10,4
emile.marechal-lopez@epfl.ch,"Rear Window",26/01/04,3
claude.foucher@epfl.ch,"North by Northwest",26/01/09,3
christine.delorme@epfl.ch,"Seven Samurai",26/02/13,1
marc.mendes@epfl.ch,"Bicycle Thieves",26/02/15,2
cecile.faure.de.la.dupuis@epfl.ch,"Sunrise",26/03/05,3
marthe.letellier.du.lacombe@epfl.ch,"Seven Samurai",26/03/06,1
patrick.le.lopez@epfl.ch,"The 400 Blows",26/03/09,3
marine.levy@epfl.ch,"Raging Bull",26/03/16,2
theodore.du.mahe@epfl.ch,"All About Eve",26/04/13,3
margaux.delmas@epfl.ch,"The Godfather",26/05/04,2
raymond.rousset@epfl.ch,"Chinatown",26/05/12,5
louise.guyon.le.fleury@epfl.ch,"Raiders of the Lost Ark",26/07/04,1
claudine.pierre@epfl.ch,"Sunset Blvd.",26/07/08,4
jacques.cohen@epfl.ch,"North by Northwest",26/07/12,3
elisabeth.de.nguyen@epfl.ch,"Star Wars: Episode IV - A New Hope",26/07/13,4
philippine.rocher@epfl.ch,"Dr. Strangelove or: How I Learned to Stop Worrying and Love the Bomb",26/08/00,5
claude-lucy.joly@epfl.ch,"Lawrence of Arabia",26/08/01,1
patrick.le.lopez@epfl.ch,"Pulp Fiction",26/08/04,5
cecile.raynaud-poirier@epfl.ch,"One Flew Over the Cuckoo's Nest",26/08/08,4
theodore.sanchez-chevallier@epfl.ch,"Taxi Driver",26/09/02,4
bernadette.bonneau@epfl.ch,"Apocalypse Now",26/09/05,3
eugene.bonnin-delaunay@epfl.ch,"Vertigo",26/09/12,5
alfred.buisson@epfl.ch,"One Flew Over the Cuckoo's Nest",26/10/04,5
margaux.chretien@epfl.ch,"Rear Window",26/10/06,3
donald.trump@whitehouse.gov,"The Dark Knight",26/10/06,5
emilie-agathe.robin@epfl.ch,"City Lights",26/10/12,3
elise.guillet-lagarde@epfl.ch,"Chinatown",26/11/01,3
mathilde.paul@epfl.ch,"North by Northwest",26/12/00,3
raymond.lecoq-lopes@epfl.ch,"Goodfellas",26/12/09,2
susanne.barthelemy@epfl.ch,"Apocalypse Now",26/12/12,3
bertrand.dupont@epfl.ch,"12 Angry Men",27/01/01,5
susanne.barthelemy@epfl.ch,"Taxi Driver",27/01/03,5
auguste-jacques.charles@epfl.ch,"Tokyo Story",27/01/09,4
louis.rodriguez@epfl.ch,"12 Angry Men",27/01/15,5
suzanne.picard.de.la.thomas@epfl.ch,"Citizen Kane",27/01/16,3
noemi.grondin@epfl.ch,"Seven Samurai",27/02/00,2
stephane.boyer@epfl.ch,"The Shawshank Redemption",27/02/01,3
cecile.faure.de.la.dupuis@epfl.ch,"M",27/02/06,5
anastasie.legendre-bouvier@epfl.ch,"Apocalypse Now",27/02/13,5
cecile.raynaud-poirier@epfl.ch,"It's a Wonderful Life",27/03/03,5
theophile-thibaut.guillaume@epfl.ch,"Goodfellas",27/03/07,5
marcelle.marty-millet@epfl.ch,"The Godfather",27/03/09,5
zoe-lucie.lemoine@epfl.ch,"The 400 Blows",27/03/10,2
celina-nathalie.noel@epfl.ch,"The Dark Knight",27/04/04,1
paul.buisson@epfl.ch,"Tokyo Story",27/04/04,3
theophile.leconte@epfl.ch,"Casablanca",27/04/09,1
marcel.laine@epfl.ch,"Vertigo",27/04/11,5
corinne-adrienne.klein@epfl.ch,"The Godfather: Part II",27/05/02,5
suzanne.bousquet@epfl.ch,"Raiders of the Lost Ark",27/06/04,1
lorraine.parent.le.lesage@epfl.ch,"Modern Times",27/06/07,3
marcelle.marty-millet@epfl.ch,"Apocalypse Now",27/06/10,4
dominique.evrard.le.sauvage@epfl.ch,"Vertigo",27/06/16,2
marthe.letellier.du.lacombe@epfl.ch,"Psycho",27/07/02,1
margaux.delmas@epfl.ch,"Psycho",27/07/05,2
yves.gomes@epfl.ch,"Casablanca",27/07/08,5
capucine.ferreira@epfl.ch,"City Lights",27/07/11,4
suzanne.picard.de.la.thomas@epfl.ch,"Star Wars: Episode V - The Empire Strikes Back",27/07/11,4
bernadette.bonneau@epfl.ch,"Bicycle Thieves",27/08/04,1
gerard.charrier.le.vaillant@epfl.ch,"The Dark Knight",27/09/12,1
christine.delorme@epfl.ch,"Spirited Away",27/10/04,1
claude-lucy.joly@epfl.ch,"Dr. Strangelove or: How I Learned to Stop Worrying and Love the Bomb",27/10/11,4
emmanuelle.bertin-maillot@epfl.ch,"Modern Times",27/10/14,1
vincent.guichard@epfl.ch,"The 400 Blows",27/10/14,1
zacharie.dupuy-laroche@epfl.ch,"Rear Window",27/11/03,3
david-tristan.diaz@epfl.ch,"Double Indemnity",27/11/14,2
david.nicolas-martin@epfl.ch,"The Night of the Hunter",28/01/02,5
claudine.pierre@epfl.ch,"The Night of the Hunter",28/01/12,3
stephane.allard@epfl.ch,"Schindler's List",28/02/03,4
thibaut.blanc@epfl.ch,"The Wages of Fear",28/02/04,1
thibault.girard@epfl.ch,"City Lights",28/02/09,4
richard.payet@epfl.ch,"Citizen Kane",28/02/10,5
paul.turpin@epfl.ch,"Dr. Strangelove or: How I Learned to Stop Worrying and Love the Bomb",28/03/00,3
jeannine-emilie.mendes@epfl.ch,"Taxi Driver",28/03/04,1
richard.le.goff.de.la.briand@epfl.ch,"Metropolis",28/04/07,1
nathalie.lagarde@epfl.ch,"2001: A Space Odyssey",28/04/13,2
manon.neveu@epfl.ch,"Sunrise",28/04/15,4
dorothee.lesage@epfl.ch,"Bicycle Thieves",28/05/07,3
gregoire.bousquet.le.hoarau@epfl.ch,"Psycho",28/05/11,3
corinne-adrienne.klein@epfl.ch,"Metropolis",28/05/16,5
sebastien.costa@epfl.ch,"Apocalypse Now",28/06/14,3
joseph.colas@epfl.ch,"The Night of the Hunter",28/06/15,4
richard.launay@epfl.ch,"Raging Bull",28/07/11,1
francois.de.leblanc@epfl.ch,"Raging Bull",28/07/13,3
thomas.leduc-morvan@epfl.ch,"Tokyo Story",28/08/00,3
theophile-thibaut.guillaume@epfl.ch,"North by Northwest",28/09/01,5
lucy.lagarde.de.la.gilles@epfl.ch,"The 400 Blows",28/09/03,5
thibault.girard@epfl.ch,"2001: A Space Odyssey",28/09/06,1
theodore.du.mahe@epfl.ch,"M",28/09/07,2
nathalie.lagarde@epfl.ch,"Dr. Strangelove or: How I Learned to Stop Worrying and Love the Bomb",28/10/03,3
stephane.gomes@epfl.ch,"North by Northwest",28/11/02,1
jeannine-emilie.mendes@epfl.ch,"Dr. Strangelove or: How I Learned to Stop Worrying and Love the Bomb",28/12/05,4
daniel.cohen@epfl.ch,"12 Angry Men",28/12/14,3
emmanuelle.bertin-maillot@epfl.ch,"Chinatown",29/01/02,4
rene.lecomte@epfl.ch,"Apocalypse Now",29/03/02,4
sylvie.thierry@epfl.ch,"Dr. Strangelove or: How I Learned to Stop Worrying and Love the Bomb",29/03/12,5
claudine.clement@epfl.ch,"Paths of Glory",29/04/00,2
alphonse-paul.pages@epfl.ch,"Sunrise",29/04/06,5
aurore.salmon@epfl.ch,"The Dark Knight",29/04/15,4
laurence.perrier-brun@epfl.ch,"The Good, the Bad and the Ugly",29/06/00,4
bernadette.bonneau@epfl.ch,"Tokyo Story",29/06/05,3
aimee.du.bousquet@epfl.ch,"Pulp Fiction",29/06/12,5
marthe.gomez@epfl.ch,"The Godfather",29/07/07,3
adele.arnaud-charrier@epfl.ch,"12 Angry Men",29/08/01,5
dorothee.lesage@epfl.ch,"12 Angry Men",29/08/01,1
suzanne.du.gillet@epfl.ch,"Lawrence of Arabia",29/08/03,4
michel.langlois.du.alves@epfl.ch,"It's a Wonderful Life",29/09/07,4
richard.launay@epfl.ch,"12 Angry Men",29/09/15,1
marthe.letellier.du.lacombe@epfl.ch,"Sunrise",29/10/05,2
benoit.payet@epfl.ch,"Spirited Away",29/10/12,5
capucine.ferreira@epfl.ch,"Sunset Blvd.",29/10/13,1
jean.roux@epfl.ch,"Raiders of the Lost Ark",29/10/13,1
thomas.leduc-morvan@epfl.ch,"The Dark Knight",29/11/04,2
juliette.turpin@epfl.ch,"Sunrise",29/11/16,1
timothee-hugues.chauveau@epfl.ch,"Raging Bull",29/12/07,1
claudine.pierre@epfl.ch,"Sunrise",29/12/09,5
elise.guillet-lagarde@epfl.ch,"Pulp Fiction",29/12/14,4
marcel.laine@epfl.ch,"The Shawshank Redemption",30/01/07,1
richard.launay@epfl.ch,"Singin' in the Rain",30/03/07,3
manon.neveu@epfl.ch,"Pulp Fiction",30/04/03,3
chantal.roche@epfl.ch,"Star Wars: Episode V - The Empire Strikes Back",30/04/04,5
valerie.de.nicolas@epfl.ch,"Fanny and Alexander",30/04/08,2
remy.meyer@epfl.ch,"Rear Window",30/04/10,3
alexandria.nguyen@epfl.ch,"Singin' in the Rain",30/04/14,2
sylvie.carpentier@epfl.ch,"North by Northwest",30/04/16,4
robert-edouard.boulanger@epfl.ch,"City Lights",30/05/05,5
rene.lecomte@epfl.ch,"Modern Times",30/05/06,3
emmanuelle.du.nicolas@epfl.ch,"Psycho",30/05/07,5
sabine-maggie.riou@epfl.ch,"Once Upon a Time in the West",30/05/09,3
christophe.raynaud@epfl.ch,"Bicycle Thieves",30/05/10,2
laure.allain.du.maillot@epfl.ch,"The Godfather: Part II",30/06/02,3
maryse.maurice@epfl.ch,"Pulp Fiction",30/06/03,3
marine.levy@epfl.ch,"Apocalypse Now",30/06/03,1
claudine.clement@epfl.ch,"The Third Man",30/06/06,3
jeannine.toussaint-masson@epfl.ch,"The Godfather",30/06/12,3
frederique.besson@epfl.ch,"The Third Man",30/07/02,5
arnaude.guyon@epfl.ch,"The Good, the Bad and the Ugly",30/07/02,5
margot.moreno@epfl.ch,"The Godfather: Part II",30/09/01,5
theophile.reynaud.le.neveu@epfl.ch,"Pulp Fiction",30/09/03,5
stephanie.texier@epfl.ch,"The 400 Blows",30/09/03,1
emile.adam-becker@epfl.ch,"Sunrise",30/09/06,1
laurence.perrier-brun@epfl.ch,"2001: A Space Odyssey",30/09/06,3
donald.trump@whitehouse.gov,"12 Angry Men",30/09/09,1
luc.du.carpentier@epfl.ch,"Bicycle Thieves",30/09/13,1
cecile.raynaud-poirier@epfl.ch,"Fanny and Alexander",30/10/02,1
renee-juliette.bernier@epfl.ch,"Lawrence of Arabia",30/10/11,5
paul.potier@epfl.ch,"Sunset Blvd.",30/10/14,2
thibault.girard@epfl.ch,"Fanny and Alexander",30/10/14,4
celina-nathalie.noel@epfl.ch,"The Third Man",30/12/12,4
jean.roux@epfl.ch,"The Wages of Fear",30/12/13,3
julien.colin@epfl.ch,"Modern Times",31/01/07,5
margaux.berthelot@epfl.ch,"Double Indemnity",31/03/00,1
aime.poirier@epfl.ch,"Seven Samurai",31/03/02,4
aime.poirier@epfl.ch,"One Flew Over the Cuckoo's Nest",31/03/14,4
corinne-adrienne.klein@epfl.ch,"Raging Bull",31/05/00,2
david.nicolas-martin@epfl.ch,"Rashomon",31/05/04,3
marthe.gomez@epfl.ch,"Sunset Blvd.",31/05/16,5
adelaide.du.lagarde@epfl.ch,"Sunrise",31/07/00,4
sabine-maggie.riou@epfl.ch,"Psycho",31/07/12,4
guy.regnier@epfl.ch,"Rear Window",31/07/15,3
louise.guyon.le.fleury@epfl.ch,"City Lights",31/08/04,4
francois.de.leblanc@epfl.ch,"Modern Times",31/08/06,4
nathalie.lagarde@epfl.ch,"Spirited Away",31/08/15,3
jacqueline.lebon-pascal@epfl.ch,"Rashomon",31/08/16,2
augustin.caron@epfl.ch,"The Shawshank Redemption",31/10/02,4
zoe-lucie.lemoine@epfl.ch,"Fanny and Alexander",31/10/06,3
rene.ferreira@epfl.ch,"Seven Samurai",31/10/09,2
emmanuel.chretien@epfl.ch,"Taxi Driver",31/10/14,1
colette.traore@epfl.ch,"North by Northwest",31/12/00,2
marthe.duhamel@epfl.ch,"The Dark Knight",31/12/04,3
patricia-mathilde.richard@epfl.ch,"Rear Window",31/12/08,4
sylvie.carpentier@epfl.ch,"Pulp Fiction",31/12/09,1
susanne.jacob-turpin@epfl.ch,"North by Northwest",31/12/14,2